{
    "RN ten Doeschate": 0.5714285714285714,
    "J Yadav": 0.6904761904761905,
    "V Kohli": 0.9090909090909091,
    "R Ashwin": 0.9541666666666667,
    "S Nadeem": 0.9772727272727273,
    "Z Khan": 1.0258064516129033,
    "Parvez Rasool": 1.0333333333333334,
    "MC Henriques": 1.0445859872611465,
    "MA Starc": 1.125,
    "M de Lange": 1.1538461538461537
}